Modelo;Quantidade;Data
VW/POLO;5800;01/2025
GM/ONIX;5575;01/2025
GM/TRACKER;5414;01/2025
VW/T CROSS;5312;01/2025
FIAT/ARGO;5172;01/2025
HYUNDAI/CRETA;5148;01/2025
NISSAN/KICKS;4458;01/2025
JEEP/COMPASS;4436;01/2025
HONDA/HR-V;4273;01/2025
FIAT/MOBI;4024;01/2025
JEEP/RENEGADE;3679;01/2025
HYUNDAI/HB20;3678;01/2025
FIAT/PULSE;3587;01/2025
FIAT/FASTBACK;3423;01/2025
FIAT/CRONOS;3312;01/2025
BYD/SONG;3183;01/2025
GM/ONIX PLUS;3044;01/2025
VW/NIVUS;2914;01/2025
CAOA CHERY/TIGGO;7;01/2025
TOYOTA/COROLLA;2568;01/2025
GWM/HAVAL H6;2241;01/2025
RENAULT/KWID;2090;01/2025
RENAULT/DUSTER;1958;01/2025
TOYOTA/COROLLA CROSS;1826;01/2025
BYD/DOLPHIN MINI;1723;01/2025
TOYOTA/HILUX SW4;1692;01/2025
RENAULT/KARDIAN;1675;01/2025
VW/VIRTUS;1635;01/2025
VW/TAOS;1613;01/2025
GM/SPIN;1470;01/2025
PEUGEOT/2008;1462;01/2025
HONDA/CITY;1354;01/2025
CITROEN/BASALT;1206;01/2025
HONDA/CITY HATCH;1199;01/2025
JEEP/COMMANDER;1087;01/2025
CAOA CHERY/TIGGO;8;01/2025
CITROEN/C3;952;01/2025
CAOA CHERY/TIGGO 5X;947;01/2025
NISSAN/VERSA;892;01/2025
BYD/KING;824;01/2025
TOYOTA/YARIS SEDAN;731;01/2025
PEUGEOT/208;725;01/2025
HYUNDAI/HB20S;705;01/2025
FORD/TERRITORY;610;01/2025
TOYOTA/YARIS HB;610;01/2025
MITSUBISHI/ECLIPSE CROSS;586;01/2025
CITROEN/C3 AIRCROSS;510;01/2025
BYD/DOLPHIN;509;01/2025
NISSAN/SENTRA;438;01/2025
BMW/X1;433;01/2025
VW/POLO;7961;02/2025
VW/T CROSS;6555;02/2025
FIAT/ARGO;6305;02/2025
FIAT/MOBI;5548;02/2025
TOYOTA/COROLLA CROSS;5351;02/2025
HYUNDAI/CRETA;4961;02/2025
RENAULT/KWID;4907;02/2025
HONDA/HR-V;4792;02/2025
GM/ONIX;4712;02/2025
HYUNDAI/HB20;4561;02/2025
JEEP/COMPASS;4303;02/2025
GM/TRACKER;4035;02/2025
FIAT/FASTBACK;3772;02/2025
JEEP/RENEGADE;3628;02/2025
TOYOTA/COROLLA;3351;02/2025
FIAT/PULSE;3315;02/2025
NISSAN/KICKS;3217;02/2025
VW/NIVUS;2956;02/2025
BYD/SONG;2680;02/2025
VW/VIRTUS;2677;02/2025
GM/ONIX PLUS;2502;02/2025
BYD/DOLPHIN MINI;2399;02/2025
CAOA CHERY/TIGGO;7;02/2025
FIAT/CRONOS;2101;02/2025
RENAULT/KARDIAN;1903;02/2025
HYUNDAI/HB20S;1751;02/2025
VW/TAOS;1747;02/2025
GWM/HAVAL H6;1747;02/2025
CITROEN/BASALT;1701;02/2025
TOYOTA/YARIS SEDAN;1689;02/2025
HONDA/CITY;1570;02/2025
GM/SPIN;1566;02/2025
TOYOTA/HILUX SW4;1413;02/2025
HONDA/CITY HATCH;1286;02/2025
JEEP/COMMANDER;1202;02/2025
PEUGEOT/2008;1144;02/2025
RENAULT/DUSTER;1138;02/2025
NISSAN/VERSA;1132;02/2025
CITROEN/C3;999;02/2025
CAOA CHERY/TIGGO;8;02/2025
CAOA CHERY/TIGGO 5X;918;02/2025
TOYOTA/YARIS HB;885;02/2025
BYD/KING;805;02/2025
PEUGEOT/208;640;02/2025
BYD/DOLPHIN;627;02/2025
FORD/TERRITORY;603;02/2025
MITSUBISHI/ECLIPSE CROSS;489;02/2025
CITROEN/C3 AIRCROSS;484;02/2025
NISSAN/SENTRA;365;02/2025
HONDA/CIVIC;357;02/2025
FIAT/ARGO;8247;03/2025
VW/POLO;8120;03/2025
VW/T CROSS;6512;03/2025
HYUNDAI/HB20;6122;03/2025
TOYOTA/COROLLA CROSS;5833;03/2025
GM/ONIX;5748;03/2025
HONDA/HR-V;5094;03/2025
RENAULT/KWID;4955;03/2025
FIAT/MOBI;4682;03/2025
NISSAN/KICKS;4513;03/2025
HYUNDAI/CRETA;4418;03/2025
GM/ONIX PLUS;4321;03/2025
GM/TRACKER;4169;03/2025
JEEP/COMPASS;4017;03/2025
VW/NIVUS;3792;03/2025
FIAT/FASTBACK;3550;03/2025
FIAT/PULSE;3048;03/2025
TOYOTA/COROLLA;3038;03/2025
VW/VIRTUS;2973;03/2025
JEEP/RENEGADE;2927;03/2025
BYD/SONG;2784;03/2025
BYD/DOLPHIN MINI;2432;03/2025
FIAT/CRONOS;2427;03/2025
VW/TAOS;2407;03/2025
RENAULT/KARDIAN;2269;03/2025
GWM/HAVAL H6;1777;03/2025
CITROEN/BASALT;1714;03/2025
CAOA CHERY/TIGGO;7;03/2025
HYUNDAI/HB20S;1641;03/2025
RENAULT/DUSTER;1503;03/2025
BYD/KING;1427;03/2025
GM/SPIN;1398;03/2025
HONDA/CITY;1333;03/2025
CAOA CHERY/TIGGO;8;03/2025
HONDA/CITY HATCH;1268;03/2025
TOYOTA/HILUX SW4;1229;03/2025
JEEP/COMMANDER;1198;03/2025
NISSAN/VERSA;1092;03/2025
CITROEN/C3;1087;03/2025
PEUGEOT/2008;931;03/2025
BYD/DOLPHIN;823;03/2025
CAOA CHERY/TIGGO 5X;715;03/2025
MITSUBISHI/ECLIPSE CROSS;703;03/2025
PEUGEOT/208;586;03/2025
TOYOTA/YARIS HB;565;03/2025
TOYOTA/YARIS SEDAN;504;03/2025
CITROEN/C3 AIRCROSS;466;03/2025
FORD/TERRITORY;462;03/2025
BMW/X1;408;03/2025
VOLVO/EX30;368;03/2025
VW/POLO;10932;04/2025
FIAT/ARGO;8444;04/2025
VW/T CROSS;8114;04/2025
HYUNDAI/HB20;6922;04/2025
TOYOTA/COROLLA CROSS;6232;04/2025
FIAT/MOBI;6170;04/2025
GM/ONIX;5415;04/2025
HONDA/HR-V;5258;04/2025
HYUNDAI/CRETA;4904;04/2025
FIAT/FASTBACK;4676;04/2025
JEEP/COMPASS;4542;04/2025
GM/TRACKER;4297;04/2025
GM/ONIX PLUS;4274;04/2025
HYUNDAI/HB20S;4172;04/2025
NISSAN/KICKS;4001;04/2025
RENAULT/KWID;3759;04/2025
VW/NIVUS;3615;04/2025
JEEP/RENEGADE;3380;04/2025
TOYOTA/COROLLA;3202;04/2025
FIAT/PULSE;3141;04/2025
BYD/SONG;3139;04/2025
VW/VIRTUS;2851;04/2025
BYD/DOLPHIN MINI;2172;04/2025
FIAT/CRONOS;2115;04/2025
GWM/HAVAL H6;1979;04/2025
CITROEN/BASALT;1958;04/2025
CAOA CHERY/TIGGO;7;04/2025
GM/SPIN;1744;04/2025
RENAULT/KARDIAN;1742;04/2025
CAOA CHERY/TIGGO;8;04/2025
BYD/KING;1599;04/2025
HONDA/CITY;1351;04/2025
JEEP/COMMANDER;1339;04/2025
TOYOTA/HILUX SW4;1300;04/2025
CITROEN/C3;1262;04/2025
RENAULT/DUSTER;1253;04/2025
HONDA/CITY HATCH;1247;04/2025
PEUGEOT/2008;997;04/2025
BYD/DOLPHIN;973;04/2025
CAOA CHERY/TIGGO 5X;953;04/2025
VW/TAOS;920;04/2025
TOYOTA/YARIS HB;827;04/2025
MITSUBISHI/ECLIPSE CROSS;820;04/2025
NISSAN/VERSA;740;04/2025
PEUGEOT/208;685;04/2025
TOYOTA/YARIS SEDAN;599;04/2025
BMW/X1;429;04/2025
FORD/TERRITORY;380;04/2025
CITROEN/C3 AIRCROSS;378;04/2025
VOLVO/EX30;365;04/2025
VW/POLO;12911;05/2025
VW/T CROSS;9408;05/2025
FIAT/ARGO;9063;05/2025
HYUNDAI/HB20;8673;05/2025
FIAT/MOBI;6459;05/2025
HONDA/HR-V;6406;05/2025
GM/ONIX;6157;05/2025
JEEP/COMPASS;5687;05/2025
TOYOTA/COROLLA CROSS;5513;05/2025
RENAULT/KWID;5344;05/2025
HYUNDAI/CRETA;5333;05/2025
FIAT/FASTBACK;4809;05/2025
VW/NIVUS;4590;05/2025
HYUNDAI/HB20S;4421;05/2025
GM/TRACKER;4331;05/2025
GM/ONIX PLUS;3924;05/2025
JEEP/RENEGADE;3641;05/2025
NISSAN/KICKS;3607;05/2025
FIAT/PULSE;3351;05/2025
VW/VIRTUS;3317;05/2025
TOYOTA/COROLLA;3233;05/2025
CAOA CHERY/TIGGO;7;05/2025
BYD/SONG;2899;05/2025
FIAT/CRONOS;2677;05/2025
BYD/DOLPHIN MINI;2575;05/2025
GWM/HAVAL H6;2432;05/2025
GM/SPIN;2195;05/2025
CITROEN/BASALT;1873;05/2025
BYD/DOLPHIN;1862;05/2025
CAOA CHERY/TIGGO;8;05/2025
RENAULT/KARDIAN;1455;05/2025
TOYOTA/HILUX SW4;1330;05/2025
RENAULT/DUSTER;1321;05/2025
HONDA/CITY;1301;05/2025
CAOA CHERY/TIGGO 5X;1257;05/2025
PEUGEOT/2008;1217;05/2025
JEEP/COMMANDER;1198;05/2025
HONDA/CITY HATCH;1195;05/2025
VW/TAOS;975;05/2025
CITROEN/C3;870;05/2025
MITSUBISHI/ECLIPSE CROSS;842;05/2025
BYD/KING;802;05/2025
PEUGEOT/208;771;05/2025
BYD/YUAN;751;05/2025
GWM/TANK;300;05/2025
NISSAN/VERSA;562;05/2025
NISSAN/SENTRA;538;05/2025
TOYOTA/YARIS HB;530;05/2025
BMW/X1;463;05/2025
VOLVO/EX30;429;05/2025
VW/POLO;11492;06/2025
VW/T CROSS;8629;06/2025
FIAT/ARGO;7235;06/2025
HYUNDAI/HB20;6917;06/2025
GM/ONIX;6782;06/2025
HYUNDAI/CRETA;6415;06/2025
FIAT/MOBI;6347;06/2025
HONDA/HR-V;6179;06/2025
TOYOTA/COROLLA CROSS;5335;06/2025
RENAULT/KWID;5324;06/2025
GM/TRACKER;4993;06/2025
FIAT/FASTBACK;4930;06/2025
VW/NIVUS;4731;06/2025
JEEP/COMPASS;4546;06/2025
FIAT/PULSE;3823;06/2025
VW/VIRTUS;3719;06/2025
GM/ONIX PLUS;3494;06/2025
JEEP/RENEGADE;3411;06/2025
NISSAN/KICKS;3394;06/2025
TOYOTA/COROLLA;3004;06/2025
BYD/SONG;2805;06/2025
CAOA CHERY/TIGGO;7;06/2025
VW/TERA;2555;06/2025
GWM/HAVAL H6;2497;06/2025
HYUNDAI/HB20S;2241;06/2025
GM/SPIN;1975;06/2025
FIAT/CRONOS;1919;06/2025
BYD/DOLPHIN MINI;1913;06/2025
CITROEN/BASALT;1565;06/2025
BYD/DOLPHIN;1490;06/2025
HONDA/CITY;1453;06/2025
RENAULT/DUSTER;1426;06/2025
TOYOTA/HILUX SW4;1343;06/2025
RENAULT/KARDIAN;1240;06/2025
HONDA/CITY HATCH;1205;06/2025
JEEP/COMMANDER;1194;06/2025
CITROEN/C3;1146;06/2025
CAOA CHERY/TIGGO;8;06/2025
NISSAN/VERSA;949;06/2025
VW/TAOS;889;06/2025
PEUGEOT/2008;869;06/2025
MITSUBISHI/ECLIPSE CROSS;833;06/2025
CAOA CHERY/TIGGO 5X;822;06/2025
BYD/KING;797;06/2025
PEUGEOT/208;796;06/2025
BYD/YUAN;743;06/2025
CITROEN/C3 AIRCROSS;636;06/2025
NISSAN/SENTRA;524;06/2025
JAECOO/7;381;06/2025
FORD/BRONCO;378;06/2025
VW/POLO;12940;07/2025
FIAT/ARGO;9966;07/2025
VW/T CROSS;9022;07/2025
FIAT/MOBI;8099;07/2025
HYUNDAI/CRETA;7856;07/2025
GM/ONIX;7689;07/2025
GM/TRACKER;6974;07/2025
TOYOTA/COROLLA CROSS;6866;07/2025
NISSAN/KICKS;6341;07/2025
FIAT/FASTBACK;6207;07/2025
VW/NIVUS;5777;07/2025
HYUNDAI/HB20;5519;07/2025
JEEP/COMPASS;4935;07/2025
FIAT/PULSE;4836;07/2025
HONDA/HR-V;4086;07/2025
VW/VIRTUS;3863;07/2025
RENAULT/KWID;3726;07/2025
CAOA CHERY/TIGGO;7;07/2025
JEEP/RENEGADE;3711;07/2025
GWM/HAVAL H6;3339;07/2025
VW/TERA;3244;07/2025
TOYOTA/COROLLA;3170;07/2025
BYD/SONG;3164;07/2025
GM/ONIX PLUS;3108;07/2025
BYD/DOLPHIN MINI;3011;07/2025
HYUNDAI/HB20S;2638;07/2025
GM/SPIN;1942;07/2025
FIAT/CRONOS;1894;07/2025
RENAULT/DUSTER;1851;07/2025
CITROEN/BASALT;1613;07/2025
HONDA/CITY;1565;07/2025
TOYOTA/HILUX SW4;1500;07/2025
CAOA CHERY/TIGGO;8;07/2025
CAOA CHERY/TIGGO 5X;1434;07/2025
HONDA/CITY HATCH;1427;07/2025
RENAULT/KARDIAN;1332;07/2025
JEEP/COMMANDER;1312;07/2025
BYD/DOLPHIN;1305;07/2025
MITSUBISHI/ECLIPSE CROSS;1096;07/2025
CITROEN/C3;1086;07/2025
BYD/KING;964;07/2025
PEUGEOT/2008;944;07/2025
NISSAN/VERSA;930;07/2025
FORD/TERRITORY;916;07/2025
VW/TAOS;882;07/2025
PEUGEOT/208;865;07/2025
BYD/YUAN;860;07/2025
OMODA JAECOO/JAECOO;7;07/2025
FORD/BRONCO;551;07/2025
BMW/X1;542;07/2025
VW/POLO;12908;08/2025
FIAT/ARGO;10097;08/2025
TOYOTA/COROLLA CROSS;7737;08/2025
VW/T CROSS;7702;08/2025
HYUNDAI/HB20;7590;08/2025
FIAT/MOBI;7045;08/2025
HYUNDAI/CRETA;6649;08/2025
GM/ONIX;5815;08/2025
FIAT/FASTBACK;5040;08/2025
RENAULT/KWID;5025;08/2025
GM/TRACKER;4942;08/2025
NISSAN/KICKS;4740;08/2025
JEEP/COMPASS;4717;08/2025
GM/ONIX PLUS;4632;08/2025
VW/NIVUS;4557;08/2025
FIAT/PULSE;4282;08/2025
VW/TERA;4157;08/2025
HONDA/HR-V;4028;08/2025
VW/VIRTUS;3646;08/2025
CAOA CHERY/TIGGO;7;08/2025
BYD/DOLPHIN MINI;3300;08/2025
JEEP/RENEGADE;3228;08/2025
GWM/HAVAL H6;3102;08/2025
BYD/SONG;3011;08/2025
TOYOTA/COROLLA;2890;08/2025
HYUNDAI/HB20S;2251;08/2025
RENAULT/KARDIAN;1929;08/2025
CAOA CHERY/TIGGO;8;08/2025
HONDA/CITY;1848;08/2025
GM/SPIN;1794;08/2025
FIAT/CRONOS;1395;08/2025
RENAULT/DUSTER;1369;08/2025
HONDA/CITY HATCH;1357;08/2025
BYD/DOLPHIN;1311;08/2025
CAOA CHERY/TIGGO 5X;1208;08/2025
FORD/TERRITORY;1191;08/2025
TOYOTA/HILUX SW4;1174;08/2025
BYD/KING;1086;08/2025
JEEP/COMMANDER;1068;08/2025
CITROEN/BASALT;991;08/2025
MITSUBISHI/ECLIPSE CROSS;894;08/2025
CITROEN/C3;852;08/2025
BYD/YUAN;773;08/2025
PEUGEOT/208;749;08/2025
VW/TAOS;726;08/2025
PEUGEOT/2008;663;08/2025
NISSAN/VERSA;655;08/2025
OMODA JAECOO/JAECOO;7;08/2025
CITROEN/C3 AIRCROSS;485;08/2025
BMW/X1;479;08/2025
VW/POLO;10647;09/2025
FIAT/ARGO;9484;09/2025
HYUNDAI/HB20;8796;09/2025
VW/TERA;7610;09/2025
TOYOTA/COROLLA CROSS;7282;09/2025
GM/ONIX;7039;09/2025
NISSAN/KICKS;6319;09/2025
HYUNDAI/CRETA;5953;09/2025
GM/TRACKER;5657;09/2025
RENAULT/KWID;5439;09/2025
FIAT/FASTBACK;5344;09/2025
JEEP/COMPASS;5291;09/2025
GM/ONIX PLUS;5169;09/2025
HONDA/HR-V;5041;09/2025
FIAT/MOBI;4741;09/2025
VW/T CROSS;4736;09/2025
JEEP/RENEGADE;4547;09/2025
VW/NIVUS;4173;09/2025
HYUNDAI/HB20S;3883;09/2025
FIAT/PULSE;3756;09/2025
CAOA CHERY/TIGGO;7;09/2025
BYD/DOLPHIN MINI;3392;09/2025
BYD/SONG;3246;09/2025
TOYOTA/COROLLA;3121;09/2025
VW/VIRTUS;2973;09/2025
GWM/HAVAL H6;2886;09/2025
CAOA CHERY/TIGGO;8;09/2025
RENAULT/KARDIAN;2014;09/2025
GM/SPIN;1906;09/2025
JEEP/COMMANDER;1643;09/2025
FIAT/CRONOS;1606;09/2025
RENAULT/DUSTER;1513;09/2025
BYD/DOLPHIN;1454;09/2025
HONDA/CITY;1453;09/2025
CAOA CHERY/TIGGO 5X;1423;09/2025
TOYOTA/HILUX SW4;1310;09/2025
HONDA/CITY HATCH;1276;09/2025
CITROEN/BASALT;1226;09/2025
VW/TAOS;1144;09/2025
FORD/TERRITORY;1141;09/2025
BYD/KING;1001;09/2025
MITSUBISHI/ECLIPSE CROSS;988;09/2025
CITROEN/C3;953;09/2025
PEUGEOT/208;879;09/2025
OMODA JAECOO/JAECOO;7;09/2025
PEUGEOT/2008;668;09/2025
NISSAN/VERSA;628;09/2025
BYD/YUAN;553;09/2025
BMW/X1;512;09/2025
GWM/ORA;3;09/2025
VW/TERA;10162;10/2025
FIAT/ARGO;9981;10/2025
HYUNDAI/HB20;9687;10/2025
VW/POLO;9150;10/2025
HYUNDAI/CRETA;8679;10/2025
GM/ONIX;7439;10/2025
VW/T CROSS;7113;10/2025
HONDA/HR-V;6711;10/2025
FIAT/MOBI;6277;10/2025
JEEP/COMPASS;6257;10/2025
GM/ONIX PLUS;5853;10/2025
NISSAN/KICKS;5721;10/2025
FIAT/FASTBACK;5666;10/2025
HYUNDAI/HB20S;5517;10/2025
RENAULT/KWID;5316;10/2025
GM/TRACKER;5290;10/2025
JEEP/RENEGADE;4263;10/2025
VW/NIVUS;4257;10/2025
CAOA CHERY/TIGGO;7;10/2025
FIAT/PULSE;3965;10/2025
VW/VIRTUS;3615;10/2025
TOYOTA/COROLLA CROSS;3609;10/2025
BYD/SONG;3444;10/2025
GWM/HAVAL H6;3375;10/2025
BYD/DOLPHIN MINI;2794;10/2025
TOYOTA/COROLLA;2287;10/2025
JEEP/COMMANDER;2162;10/2025
GM/SPIN;2103;10/2025
CAOA CHERY/TIGGO 5X;1994;10/2025
FIAT/CRONOS;1846;10/2025
CAOA CHERY/TIGGO;8;10/2025
BYD/DOLPHIN;1731;10/2025
RENAULT/DUSTER;1680;10/2025
HONDA/CITY;1644;10/2025
CITROEN/BASALT;1562;10/2025
HONDA/CITY HATCH;1540;10/2025
RENAULT/KARDIAN;1533;10/2025
TOYOTA/HILUX SW4;1421;10/2025
CITROEN/C3;1383;10/2025
BYD/KING;1291;10/2025
FORD/TERRITORY;1138;10/2025
MITSUBISHI/ECLIPSE CROSS;1043;10/2025
PEUGEOT/208;842;10/2025
NISSAN/SENTRA;761;10/2025
PEUGEOT/2008;734;10/2025
OMODA JAECOO/JAECOO;7;10/2025
BYD/YUAN;551;10/2025
NISSAN/VERSA;515;10/2025
VW/TAOS;496;10/2025
VW/TIGUAN;486;10/2025
VW/TERA;9772;11/2025
GM/ONIX;9524;11/2025
VW/POLO;9381;11/2025
VW/T CROSS;9016;11/2025
FIAT/ARGO;8386;11/2025
HYUNDAI/CRETA;7689;11/2025
HYUNDAI/HB20;7640;11/2025
RENAULT/KWID;7302;11/2025
FIAT/MOBI;7188;11/2025
GM/ONIX PLUS;5995;11/2025
JEEP/COMPASS;5889;11/2025
NISSAN/KICKS;5646;11/2025
HONDA/HR-V;4963;11/2025
GM/TRACKER;4528;11/2025
HYUNDAI/HB20S;4425;11/2025
FIAT/FASTBACK;4381;11/2025
BYD/SONG;4380;11/2025
JEEP/RENEGADE;4230;11/2025
CAOA CHERY/TIGGO;7;11/2025
VW/VIRTUS;3285;11/2025
GWM/HAVAL H6;3215;11/2025
FIAT/PULSE;3213;11/2025
VW/NIVUS;3124;11/2025
BYD/DOLPHIN MINI;2881;11/2025
FIAT/CRONOS;2375;11/2025
GM/SPIN;2317;11/2025
JEEP/COMMANDER;1830;11/2025
RENAULT/DUSTER;1789;11/2025
CAOA CHERY/TIGGO;8;11/2025
TOYOTA/COROLLA CROSS;1465;11/2025
CAOA CHERY/TIGGO 5X;1437;11/2025
TOYOTA/HILUX SW4;1432;11/2025
CITROEN/BASALT;1404;11/2025
CITROEN/C3;1368;11/2025
HONDA/WR-V;1342;11/2025
HONDA/CITY;1292;11/2025
HONDA/CITY HATCH;1269;11/2025
RENAULT/KARDIAN;1097;11/2025
FORD/TERRITORY;1058;11/2025
TOYOTA/COROLLA;1034;11/2025
MITSUBISHI/ECLIPSE CROSS;899;11/2025
BYD/KING;857;11/2025
GEELY/EX2;835;11/2025
BYD/DOLPHIN;802;11/2025
PEUGEOT/208;674;11/2025
PEUGEOT/2008;654;11/2025
RENAULT/BOREAL;586;11/2025
GWM/HAVAL H9;570;11/2025
OMODA JAECOO/JAECOO;7;11/2025
OMODA JAECOO/OMODA;5;11/2025
VW/T CROSS;10721;12/2025
VW/TERA;10448;12/2025
VW/POLO;10434;12/2025
FIAT/ARGO;10256;12/2025
HYUNDAI/HB20;8928;12/2025
HYUNDAI/CRETA;8160;12/2025
GM/ONIX;7995;12/2025
BYD/SONG;7475;12/2025
GM/ONIX PLUS;6642;12/2025
JEEP/COMPASS;6640;12/2025
NISSAN/KICKS;6433;12/2025
FIAT/MOBI;6432;12/2025
GM/TRACKER;6242;12/2025
RENAULT/KWID;5784;12/2025
FIAT/FASTBACK;5506;12/2025
CAOA CHERY/TIGGO;7;12/2025
HONDA/HR-V;4401;12/2025
VW/NIVUS;4213;12/2025
JEEP/RENEGADE;4152;12/2025
FIAT/PULSE;4114;12/2025
BYD/DOLPHIN MINI;3889;12/2025
GWM/HAVAL H6;3381;12/2025
HYUNDAI/HB20S;3303;12/2025
HONDA/WR-V;3229;12/2025
CITROEN/BASALT;2980;12/2025
FIAT/CRONOS;2883;12/2025
TOYOTA/COROLLA CROSS;2628;12/2025
JEEP/COMMANDER;2555;12/2025
VW/VIRTUS;2425;12/2025
BYD/DOLPHIN;2347;12/2025
GM/SPIN;2331;12/2025
TOYOTA/COROLLA;2272;12/2025
TOYOTA/HILUX SW4;1913;12/2025
CAOA CHERY/TIGGO;8;12/2025
RENAULT/DUSTER;1647;12/2025
HONDA/CITY;1618;12/2025
PEUGEOT/208;1600;12/2025
GEELY/EX2;1557;12/2025
HONDA/CITY HATCH;1493;12/2025
RENAULT/BOREAL;1384;12/2025
CITROEN/C3;1344;12/2025
RENAULT/KARDIAN;1161;12/2025
FORD/TERRITORY;1115;12/2025
PEUGEOT/2008;1029;12/2025
OMODA JAECOO/JAECOO;7;12/2025
BYD/KING;956;12/2025
MITSUBISHI/ECLIPSE CROSS;836;12/2025
OMODA JAECOO/OMODA;5;12/2025
GWM/HAVAL H9;774;12/2025
NISSAN/VERSA;715;12/2025
VW/T CROSS;5741;01/2026
VW/POLO;5699;01/2026
FIAT/ARGO;5177;01/2026
VW/TERA;4992;01/2026
GM/ONIX;4948;01/2026
GM/TRACKER;4532;01/2026
JEEP/COMPASS;4503;01/2026
HYUNDAI/CRETA;4429;01/2026
HYUNDAI/HB20;4065;01/2026
FIAT/FASTBACK;3927;01/2026
BYD/SONG;3802;01/2026
FIAT/MOBI;3530;01/2026
FIAT/PULSE;3193;01/2026
VW/NIVUS;3167;01/2026
NISSAN/KICKS;3058;01/2026
JEEP/RENEGADE;3052;01/2026
BYD/DOLPHIN MINI;2840;01/2026
HONDA/HR-V;2773;01/2026
GWM/HAVAL H6;2628;01/2026
RENAULT/KWID;2613;01/2026
TOYOTA/COROLLA CROSS;2176;01/2026
CAOA CHERY/TIGGO;7;01/2026
GM/ONIX PLUS;1869;01/2026
HONDA/WR-V;1812;01/2026
VW/VIRTUS;1645;01/2026
HYUNDAI/HB20S;1580;01/2026
BYD/DOLPHIN;1511;01/2026
TOYOTA/COROLLA;1399;01/2026
FIAT/CRONOS;1360;01/2026
JEEP/COMMANDER;1330;01/2026
CAOA CHERY/TIGGO;8;01/2026
GM/SPIN;1235;01/2026
TOYOTA/HILUX SW4;1231;01/2026
VW/TAOS;1225;01/2026
RENAULT/KARDIAN;1210;01/2026
GEELY/EX2;1124;01/2026
HONDA/CITY HATCH;1071;01/2026
OMODA JAECOO/OMODA;5;01/2026
CITROEN/BASALT;1027;01/2026
CITROEN/C3;1027;01/2026
HONDA/CITY;987;01/2026
RENAULT/DUSTER;936;01/2026
GWM/HAVAL H9;882;01/2026
FORD/TERRITORY;851;01/2026
BYD/KING;840;01/2026
PEUGEOT/2008;774;01/2026
NISSAN/VERSA;653;01/2026
NISSAN/KAIT;644;01/2026
RENAULT/BOREAL;641;01/2026
PEUGEOT/208;568;01/2026
VW/POLO;7517;02/2026
FIAT/MOBI;6560;02/2026
FIAT/ARGO;6478;02/2026
GM/ONIX;6450;02/2026
VW/T CROSS;5667;02/2026
VW/TERA;5358;02/2026
RENAULT/KWID;5194;02/2026
HYUNDAI/HB20;5124;02/2026
HYUNDAI/CRETA;5045;02/2026
BYD/DOLPHIN MINI;4874;02/2026
JEEP/COMPASS;4169;02/2026
GM/TRACKER;4003;02/2026
VW/NIVUS;3851;02/2026
FIAT/FASTBACK;3833;02/2026
BYD/SONG;3702;02/2026
GWM/HAVAL H6;3237;02/2026
FIAT/PULSE;3057;02/2026
HONDA/HR-V;2948;02/2026
TOYOTA/COROLLA CROSS;2899;02/2026
NISSAN/KICKS;2875;02/2026
JEEP/RENEGADE;2686;02/2026
HONDA/WR-V;2630;02/2026
VW/VIRTUS;2489;02/2026
CAOA CHERY/TIGGO;7;02/2026
TOYOTA/COROLLA;2149;02/2026
GM/ONIX PLUS;1994;02/2026
FIAT/CRONOS;1856;02/2026
HYUNDAI/HB20S;1855;02/2026
JEEP/COMMANDER;1371;02/2026
NISSAN/KAIT;1294;02/2026
BYD/DOLPHIN;1193;02/2026
OMODA JAECOO/OMODA;5;02/2026
RENAULT/KARDIAN;1122;02/2026
HONDA/CITY;1058;02/2026
TOYOTA/HILUX SW4;1031;02/2026
GM/SPIN;1024;02/2026
VW/TAOS;1022;02/2026
CAOA CHERY/TIGGO;8;02/2026
CITROEN/BASALT;971;02/2026
RENAULT/DUSTER;951;02/2026
BYD/KING;907;02/2026
HONDA/CITY HATCH;873;02/2026
CITROEN/C3;779;02/2026
FORD/TERRITORY;682;02/2026
GWM/HAVAL H9;672;02/2026
NISSAN/VERSA;625;02/2026
RENAULT/BOREAL;611;02/2026
TOYOTA/YARIS CROSS;593;02/2026
MITSUBISHI/ECLIPSE CROSS;555;02/2026
PEUGEOT/2008;551;02/2026
VW/POLO;11051;03/2026
GM/ONIX;10182;03/2026
FIAT/ARGO;8281;03/2026
VW/TERA;7977;03/2026
HYUNDAI/HB20;7713;03/2026
VW/T CROSS;7622;03/2026
FIAT/MOBI;7241;03/2026
BYD/DOLPHIN MINI;7053;03/2026
HYUNDAI/CRETA;6674;03/2026
RENAULT/KWID;6454;03/2026
GM/TRACKER;5795;03/2026
VW/NIVUS;5795;03/2026
JEEP/COMPASS;5434;03/2026
FIAT/PULSE;5167;03/2026
BYD/SONG;5054;03/2026
CAOA CHERY/TIGGO 5X;5007;03/2026
GM/ONIX PLUS;4921;03/2026
HYUNDAI/HB20S;4655;03/2026
NISSAN/KAIT;4462;03/2026
FIAT/FASTBACK;4444;03/2026
HONDA/HR-V;3995;03/2026
TOYOTA/YARIS CROSS;3864;03/2026
TOYOTA/COROLLA CROSS;3747;03/2026
HONDA/WR-V;3540;03/2026
VW/VIRTUS;3410;03/2026
JEEP/RENEGADE;3319;03/2026
GWM/HAVAL H6;3318;03/2026
NISSAN/KICKS;3028;03/2026
TOYOTA/COROLLA;2900;03/2026
CAOA CHERY/TIGGO;7;03/2026
FIAT/CRONOS;2126;03/2026
BYD/DOLPHIN;1852;03/2026
GM/SPIN;1658;03/2026
OMODA JAECOO/OMODA;5;03/2026
RENAULT/KARDIAN;1389;03/2026
JEEP/COMMANDER;1355;03/2026
CITROEN/C3;1334;03/2026
BYD/KING;1274;03/2026
RENAULT/BOREAL;1272;03/2026
GWM/HAVAL H9;1170;03/2026
HONDA/CITY HATCH;1161;03/2026
HONDA/CITY;1159;03/2026
GEELY/EX2;1157;03/2026
VW/TAOS;1143;03/2026
RENAULT/DUSTER;1125;03/2026
TOYOTA/HILUX SW4;1117;03/2026
CAOA CHERY/TIGGO;8;03/2026
CITROEN/BASALT;1015;03/2026
FORD/TERRITORY;995;03/2026
PEUGEOT/2008;972;03/2026
VW/POLO;8367;04/2026
FIAT/ARGO;7991;04/2026
GM/ONIX;7847;04/2026
VW/T CROSS;7810;04/2026
HYUNDAI/CRETA;7649;04/2026
BYD/DOLPHIN MINI;6880;04/2026
HYUNDAI/HB20;6764;04/2026
RENAULT/KWID;6451;04/2026
VW/TERA;6231;04/2026
BYD/SONG;6041;04/2026
FIAT/MOBI;5361;04/2026
VW/NIVUS;5346;04/2026
GM/TRACKER;5305;04/2026
FIAT/PULSE;4387;04/2026
FIAT/FASTBACK;4305;04/2026
JEEP/COMPASS;4219;04/2026
HONDA/HR-V;4078;04/2026
HYUNDAI/HB20S;4054;04/2026
CAOA CHERY/TIGGO 5X;3924;04/2026
GM/ONIX PLUS;3856;04/2026
TOYOTA/YARIS CROSS;3628;04/2026
GEELY/EX2;3602;04/2026
TOYOTA/COROLLA CROSS;3176;04/2026
JEEP/RENEGADE;3144;04/2026
BYD/DOLPHIN;3022;04/2026
HONDA/WR-V;2857;04/2026
VW/VIRTUS;2768;04/2026
GWM/HAVAL H6;2688;04/2026
NISSAN/KAIT;2503;04/2026
TOYOTA/COROLLA;2410;04/2026
CAOA CHERY/TIGGO;7;04/2026
NISSAN/KICKS;2170;04/2026
OMODA JAECOO/OMODA;5;04/2026
GM/SPIN;1851;04/2026
BYD/KING;1645;04/2026
FIAT/CRONOS;1589;04/2026
RENAULT/KARDIAN;1285;04/2026
CITROEN/C3;1227;04/2026
HONDA/CITY;1226;04/2026
JEEP/COMMANDER;1160;04/2026
CAOA CHERY/TIGGO;8;04/2026
VW/TAOS;1131;04/2026
TOYOTA/HILUX SW4;1091;04/2026
GM/SPARK;1047;04/2026
RENAULT/BOREAL;1008;04/2026
RENAULT/DUSTER;1004;04/2026
CITROEN/BASALT;930;04/2026
GWM/HAVAL H9;922;04/2026
FORD/TERRITORY;868;04/2026
HONDA/CITY HATCH;826;04/2026
VW/POLO;10523;05/2026
VW/T CROSS;9455;05/2026
HYUNDAI/HB20;8357;05/2026
FIAT/ARGO;8274;05/2026
GM/ONIX;7713;05/2026
BYD/DOLPHIN MINI;7577;05/2026
VW/TERA;7574;05/2026
HYUNDAI/CRETA;6599;05/2026
BYD/SONG;6307;05/2026
VW/NIVUS;5806;05/2026
FIAT/MOBI;5728;05/2026
RENAULT/KWID;5237;05/2026
HYUNDAI/HB20S;5205;05/2026
GM/TRACKER;5099;05/2026
BYD/DOLPHIN;4963;05/2026
FIAT/PULSE;4763;05/2026
JEEP/COMPASS;4584;05/2026
HONDA/HR-V;4549;05/2026
GWM/HAVAL H6;4328;05/2026
JEEP/RENEGADE;4323;05/2026
GEELY/EX2;4321;05/2026
FIAT/FASTBACK;4121;05/2026
GM/ONIX PLUS;3806;05/2026
TOYOTA/YARIS CROSS;3641;05/2026
TOYOTA/COROLLA CROSS;3495;05/2026
NISSAN/KAIT;3352;05/2026
HONDA/WR-V;3254;05/2026
NISSAN/KICKS;3197;05/2026
VW/VIRTUS;2931;05/2026
CAOA CHERY/TIGGO;7;05/2026
GM/SONIC;2778;05/2026
CITROEN/BASALT;2744;05/2026
FIAT/CRONOS;2734;05/2026
CAOA CHERY/TIGGO 5X;2482;05/2026
GM/SPIN;2254;05/2026
TOYOTA/COROLLA;2217;05/2026
BYD/KING;1896;05/2026
VW/TAOS;1670;05/2026
OMODA JAECOO/OMODA;5;05/2026
HONDA/CITY;1502;05/2026
JEEP/COMMANDER;1456;05/2026
OMODA JAECOO/JAECOO;7;05/2026
CAOA CHERY/TIGGO;8;05/2026
CITROEN/C3;1267;05/2026
RENAULT/KARDIAN;1266;05/2026
RENAULT/BOREAL;1244;05/2026
RENAULT/DUSTER;1225;05/2026
GWM/HAVAL H9;1220;05/2026
TOYOTA/HILUX SW4;1187;05/2026
VW/TIGUAN;1187;05/2026
VW/T CROSS;11753;06/2026
VW/POLO;10939;06/2026
FIAT/ARGO;9831;06/2026
VW/TERA;9289;06/2026
GM/ONIX;7972;06/2026
HYUNDAI/HB20;6914;06/2026
BYD/SONG;6632;06/2026
BYD/DOLPHIN MINI;6457;06/2026
HYUNDAI/CRETA;5533;06/2026
BYD/DOLPHIN;5512;06/2026
FIAT/PULSE;5349;06/2026
FIAT/MOBI;5073;06/2026
RENAULT/KWID;4616;06/2026
VW/NIVUS;4545;06/2026
JEEP/RENEGADE;4533;06/2026
GM/TRACKER;4490;06/2026
GEELY/EX2;4383;06/2026
FIAT/FASTBACK;4278;06/2026
HONDA/HR-V;4166;06/2026
JEEP/COMPASS;4132;06/2026
GWM/HAVAL H6;3943;06/2026
TOYOTA/YARIS CROSS;3896;06/2026
CAOA CHERY/TIGGO 5X;3831;06/2026
GM/ONIX PLUS;3587;06/2026
HYUNDAI/HB20S;3239;06/2026
VW/VIRTUS;3206;06/2026
HONDA/WR-V;3137;06/2026
TOYOTA/COROLLA CROSS;3130;06/2026
NISSAN/KAIT;2941;06/2026
OMODA JAECOO/JAECOO;7;06/2026
FIAT/CRONOS;2686;06/2026
GM/SONIC;2532;06/2026
CAOA CHERY/TIGGO;7;06/2026
NISSAN/KICKS;2294;06/2026
TOYOTA/COROLLA;1947;06/2026
OMODA JAECOO/OMODA;5;06/2026
GM/SPIN;1803;06/2026
BYD/KING;1643;06/2026
HONDA/CITY;1596;06/2026
JEEP/COMMANDER;1552;06/2026
RENAULT/BOREAL;1547;06/2026
VW/TAOS;1485;06/2026
GEELY/EX5;1450;06/2026
RENAULT/DUSTER;1370;06/2026
RENAULT/KARDIAN;1233;06/2026
TOYOTA/HILUX SW4;1125;06/2026
HONDA/CITY HATCH;1120;06/2026
CITROEN/C3;1109;06/2026
GWM/HAVAL H9;1076;06/2026
VW/TIGUAN;1014;06/2026
VW/POLO;10340;07/2026
VW/TERA;10165;07/2026
GM/ONIX;9313;07/2026
FIAT/ARGO;8612;07/2026
BYD/DOLPHIN MINI;7265;07/2026
VW/T CROSS;7070;07/2026
BYD/SONG;6834;07/2026
BYD/DOLPHIN;6492;07/2026
GEELY/EX2;5898;07/2026
HYUNDAI/CRETA;5880;07/2026
GWM/HAVAL H6;5673;07/2026
GM/TRACKER;5582;07/2026
FIAT/MOBI;5193;07/2026
TOYOTA/YARIS CROSS;5036;07/2026
FIAT/FASTBACK;4849;07/2026
JEEP/COMPASS;4848;07/2026
RENAULT/KWID;4382;07/2026
FIAT/PULSE;4242;07/2026
GM/ONIX PLUS;3888;07/2026
CAOA CHERY/TIGGO 5X;3879;07/2026
HONDA/HR-V;3858;07/2026
VW/NIVUS;3728;07/2026
TOYOTA/COROLLA CROSS;3678;07/2026
HONDA/WR-V;3477;07/2026
NISSAN/KICKS;3175;07/2026
OMODA JAECOO/JAECOO;7;07/2026
HYUNDAI/HB20;3037;07/2026
JEEP/RENEGADE;2934;07/2026
GM/SONIC;2927;07/2026
VW/VIRTUS;2922;07/2026
NISSAN/KAIT;2902;07/2026
HYUNDAI/I20;2668;07/2026
OMODA JAECOO/OMODA;5;07/2026
FIAT/CRONOS;2237;07/2026
CAOA CHERY/TIGGO;7;07/2026
GM/SPIN;1854;07/2026
TOYOTA/COROLLA;1666;07/2026
HYUNDAI/HB20S;1626;07/2026
RENAULT/DUSTER;1611;07/2026
BYD/KING;1605;07/2026
HONDA/CITY;1375;07/2026
JEEP/COMMANDER;1278;07/2026
CAOA CHERY/TIGGO;8;07/2026
GEELY/EX5 EM-I;1236;07/2026
VW/TAOS;1210;07/2026
CITROEN/C3;1205;07/2026
GWM/HAVAL H9;1183;07/2026
RENAULT/KARDIAN;1139;07/2026
HONDA/CITY HATCH;1065;07/2026
GAC/AION UT;1064;07/2026
VW/POLO;10472;08/2026
VW/TERA;10338;08/2026
FIAT/ARGO;8811;08/2026
BYD/DOLPHIN MINI;8299;08/2026
GM/ONIX;7635;08/2026
HYUNDAI/CRETA;7354;08/2026
VW/T CROSS;6815;08/2026
BYD/DOLPHIN;6740;08/2026
BYD/SONG;6724;08/2026
GWM/HAVAL H6;6433;08/2026
GEELY/EX2;5804;08/2026
FIAT/MOBI;5587;08/2026
GM/TRACKER;5326;08/2026
HYUNDAI/HB20;5309;08/2026
FIAT/FASTBACK;5133;08/2026
GM/ONIX PLUS;4944;08/2026
FIAT/PULSE;4775;08/2026
JEEP/COMPASS;4547;08/2026
TOYOTA/YARIS CROSS;4414;08/2026
RENAULT/KWID;4357;08/2026
HONDA/WR-V;3445;08/2026
CAOA CHERY/TIGGO 5X;3398;08/2026
OMODA JAECOO/OMODA;5;08/2026
HONDA/HR-V;3279;08/2026
TOYOTA/COROLLA CROSS;3265;08/2026
VW/NIVUS;3259;08/2026
NISSAN/KAIT;3194;08/2026
HYUNDAI/I20;3042;08/2026
JEEP/RENEGADE;3039;08/2026
VW/VIRTUS;2864;08/2026
NISSAN/KICKS;2676;08/2026
GM/SONIC;2651;08/2026
OMODA JAECOO/JAECOO;7;08/2026
FIAT/CRONOS;2066;08/2026
GM/SPIN;1636;08/2026
HONDA/CITY;1479;08/2026
HONDA/CITY HATCH;1447;08/2026
BYD/KING;1433;08/2026
RENAULT/KARDIAN;1414;08/2026
GEELY/EX5 EM-I;1346;08/2026
CAOA CHERY/TIGGO;7;08/2026
VW/TAOS;1295;08/2026
CAOA CHERY/TIGGO;8;08/2026
HYUNDAI/HB20S;1216;08/2026
RENAULT/DUSTER;1165;08/2026
JEEP/COMMANDER;1091;08/2026
TOYOTA/HILUX SW4;1064;08/2026
JETOUR/T2;1036;08/2026
CITROEN/C3;981;08/2026
GAC/AION UT;979;08/2026
